{"categories":{"23":"Uncategorized"},"categorySelectors":{"41":["23"],"45":["23"]},"classifiers":{"30_0":{"expand":0.0,"flags":{"inside":2,"outside":1,"selected":3,"type":0},"modelId":30,"name":"1","tilesetUrl":"ClarkIsland//Classifier_1e.json"}},"defaultView":"38","displayStyles":{"40":{"backgroundColor":{"blue":0.58823529411764708,"green":0.58823529411764708,"red":0.58823529411764708},"isGlobeVisible":true,"viewFlags":{"acs":true,"clipVol":true,"noConstruct":true,"noSolarLight":true,"noSourceLights":true,"renderMode":6}},"44":{"backgroundColor":{"blue":0.58823529411764708,"green":0.58823529411764708,"red":0.58823529411764708},"isGlobeVisible":true,"viewFlags":{"acs":true,"clipVol":true,"noConstruct":true,"noSolarLight":true,"noSourceLights":true,"renderMode":6}}},"groundPoint":{"x":-4647776.347213530,"y":2550814.9598098909,"z":-3533834.5901224785},"modelSelectors":{"39":["28","30","49"],"43":["28","30","49"]},"models":{"30":{"extents":{"high":{"x":-4647755.9136331175,"y":2550857.2051482308,"z":-3533797.8827960463},"low":{"x":-4647852.8659197642,"y":2550744.3130058427,"z":-3533882.9983906699}},"name":"Classification","tilesetUrl":"ClarkIsland//Model_1e.json","transform":[-0.47273801390368997,-0.88108800490669614,-0.014237198458013444,0.0,-0.49663191131957873,0.25304654001630150,0.83025549877422722,0.0,-0.72792548716847183,0.39956398260518494,-0.55720113867007370,0.0,-4647795.6380675519,2550825.5487132114,-3533849.3565878258,1.0],"type":"spatial"},"49":{"extents":{"high":{"x":-4647700.4562672842,"y":2550922.9024869460,"z":-3533761.6452769646},"low":{"x":-4647888.9331926731,"y":2550731.7113202028,"z":-3533937.0110786986}},"name":"recon_h_3mx","tilesetUrl":"ClarkIsland//Model_31.json","transform":[-0.47273801390368997,-0.88108800490669614,-0.014237198458013444,0.0,-0.49663191131957873,0.25304654001630150,0.83025549877422722,0.0,-0.72792548716847183,0.39956398260518494,-0.55720113867007370,0.0,-4647795.6380675519,2550825.5487132114,-3533849.3565878258,1.0],"type":"spatial"}},"name":"ClarkIsland","projectExtents":{"high":{"x":-4647700.4562672842,"y":2550922.9024869460,"z":-3533761.6452769646},"low":{"x":-4647890.8198678195,"y":2550728.1949394769,"z":-3533937.0678986870}},"projectTransform":[-0.47273801390368997,-0.88108800490669614,-0.014237198458013444,0.0,-0.49663191131957873,0.25304654001630150,0.83025549877422722,0.0,-0.72792548716847183,0.39956398260518494,-0.55720113867007370,0.0,-4647795.6380675519,2550825.5487132114,-3533849.3565878258,1.0],"tilesetUrl":"ClarkIsland/ClarkIsland.json","viewerOptions":{},"views":{"38":{"categorySelector":"41","displayStyle":"40","extents":{"x":232.23282678530632,"y":93.353866600989932,"z":248.58388109356412},"eyePoint":{"x":-4647943.4429673003,"y":2550979.3114246684,"z":-3534080.6447544573},"focusDistance":191.70162051645164,"isCameraOn":true,"lensAngle":1.0892212059510458,"modelSelector":"39","name":"Default - View 1","origin":{"x":-4647788.1324408073,"y":2550900.2102432875,"z":-3533788.8651601407},"rotation":[0.075757396027012924,-0.92048340136918450,-0.38336813215370896,-0.76080922127739437,-0.30188198969147623,0.57448811399297095,-0.64453870773328403,0.24814828652185522,-0.72318205324093610],"type":"camera"},"42":{"categorySelector":"45","displayStyle":"44","extents":{"x":232.23282678530609,"y":93.353866600989832,"z":248.58388109356446},"eyePoint":{"x":-4647844.3640166372,"y":2550852.2647083527,"z":-3533879.9910293617},"focusDistance":191.70162051645164,"isCameraOn":true,"lensAngle":1.0892212059510458,"modelSelector":"43","name":"Zoomed","origin":{"x":-4647689.0534901442,"y":2550773.1635269718,"z":-3533588.2114350451},"rotation":[0.075757396027013132,-0.92048340136918427,-0.38336813215370902,-0.76080922127739414,-0.30188198969147645,0.57448811399297073,-0.64453870773328392,0.24814828652185508,-0.72318205324093610],"type":"camera"}}}
