{"categories":{"23":"Uncategorized"},"categorySelectors":{"41":["23"],"45":["23"]},"classifiers":{"30_0":{"expand":0.0,"flags":{"inside":2,"outside":1,"selected":3,"type":0},"modelId":30,"name":"1","tilesetUrl":"clarkisland//Classifier_1e.json"}},"defaultView":"38","displayStyles":{"40":{"backgroundColor":{"blue":0.58823529411764708,"green":0.58823529411764708,"red":0.58823529411764708},"isGlobeVisible":true,"viewFlags":{"acs":true,"clipVol":true,"noConstruct":true,"noSolarLight":true,"noSourceLights":true,"renderMode":6}},"44":{"backgroundColor":{"blue":0.58823529411764708,"green":0.58823529411764708,"red":0.58823529411764708},"isGlobeVisible":true,"viewFlags":{"acs":true,"clipVol":true,"noConstruct":true,"noSolarLight":true,"noSourceLights":true,"renderMode":6}}},"groundPoint":{"x":-4647775.4038824337,"y":2550816.7181742392,"z":-3533834.5617689039},"modelSelectors":{"39":["28","30","46"],"43":["28","30","46"]},"models":{"30":{"extents":{"high":{"x":-4647774.0223752996,"y":2550857.2053221841,"z":-3533797.8828486279},"low":{"x":-4647845.5537759094,"y":2550767.1684454563,"z":-3533852.5045469608}},"name":"Classification","tilesetUrl":"clarkisland//Model_1e.json","transform":[-0.47273824190456970,-0.88108787975544989,-0.014237372967745273,0.0,-0.49663191129328149,0.25304654001776417,0.83025549878951133,0.0,-0.72792533911532353,0.39956425857812172,-0.55720113418832617,0.0,-4647794.6947337557,2550827.3070825948,-3533849.3282341692,1.0],"type":"spatial"},"46":{"extents":{"high":{"x":-4647700.4562572055,"y":2550922.9026621566,"z":-3533761.6453205715},"low":{"x":-4647888.9332103059,"y":2550731.7115030331,"z":-3533937.0111477668}},"name":"recon_h_3mx","tilesetUrl":"clarkisland//Model_2e.json","transform":[-0.47273824190456970,-0.88108787975544989,-0.014237372967745273,0.0,-0.49663191129328149,0.25304654001776417,0.83025549878951133,0.0,-0.72792533911532353,0.39956425857812172,-0.55720113418832617,0.0,-4647794.6947337557,2550827.3070825948,-3533849.3282341692,1.0],"type":"spatial"}},"name":"clarkisland","projectExtents":{"high":{"x":-4647700.4562572055,"y":2550922.9026621561,"z":-3533761.6453205715},"low":{"x":-4647888.9332103059,"y":2550731.7115030326,"z":-3533937.0111477668}},"projectTransform":[-0.47273824190456970,-0.88108787975544989,-0.014237372967745273,0.0,-0.49663191129328149,0.25304654001776417,0.83025549878951133,0.0,-0.72792533911532353,0.39956425857812172,-0.55720113418832617,0.0,-4647794.6947337557,2550827.3070825948,-3533849.3282341692,1.0],"tilesetUrl":"clarkisland/clarkisland.json","viewerOptions":{},"views":{"38":{"categorySelector":"41","displayStyle":"40","extents":{"x":232.23282678530632,"y":93.353866600989932,"z":248.58388109356412},"eyePoint":{"x":-4647943.4429132212,"y":2550979.3116783532,"z":-3534080.6447989349},"focusDistance":191.70162051645164,"isCameraOn":true,"lensAngle":1.0892212059510458,"modelSelector":"39","name":"Default - View 1","origin":{"x":-4647788.1324304156,"y":2550900.2104111961,"z":-3533788.8652046178},"rotation":[0.075757249242060010,-0.92048349953438335,-0.38336792546092258,-0.76080914071829309,-0.30188178891793355,0.57448832618183021,-0.64453882007740160,0.24814816663566838,-0.72318199425081642],"type":"camera"},"42":{"categorySelector":"45","displayStyle":"44","extents":{"x":232.23282678530609,"y":93.353866600989832,"z":248.58388109356446},"eyePoint":{"x":-4647844.3640114935,"y":2550852.2649050597,"z":-3533879.9910857524},"focusDistance":191.70162051645164,"isCameraOn":true,"lensAngle":1.0892212059510458,"modelSelector":"43","name":"Zoomed","origin":{"x":-4647689.0535286879,"y":2550773.1636379026,"z":-3533588.2114914353},"rotation":[0.075757249242060218,-0.92048349953438313,-0.38336792546092269,-0.76080914071829286,-0.30188178891793366,0.57448832618183010,-0.64453882007740149,0.24814816663566824,-0.72318199425081631],"type":"camera"}}}
